,ISO3,Calsuff_2000,Calsuff_ssp1,Calsuff_ssp2,Calsuff_ssp3,Calsuff_ssp4,Calsuff_ssp5,trade_dep_2013,GDP_ssp1_2010,GDP_ssp1,GDP_ssp2,GDP_ssp3,GDP_ssp4,GDP_ssp5,name,Trade_1998,Trade_2001,Trade_2013
0,AFG,0.7852330218505951,0.3575386783743337,0.302059633707589,0.2855153741613622,0.2657260393397877,0.4629210477009629,0.2693107694774819,1.1854386858525405,7.525939353988134,4.182578962773741,2.8913506371548063,2.6166843141943046,9.578813900208118,Afghanistan,0.4603741842557726,0.358387846961402,0.2693107694774819
1,AGO,0.597733120204692,0.3087473588913882,0.3977578068824636,0.2007252103311752,0.3103652841387909,0.43323772232480107,0.22130053000592756,5.171680117388115,12.157659424268571,7.386278879388758,4.99153928477677,6.575093404727178,17.175128085700976,Angola,0.33744681308287916,0.32269577208369116,0.22130053000592753
2,ALB,2.3195374712727275,2.1443213496304483,2.112084729906589,1.99776164994766,2.1568436548960364,2.1724688569203896,0.2081231816988791,7.6607365792759055,23.061598951507207,18.18338019368947,14.09471919530595,18.735352862849535,28.35741056218058,Albania,0.22334879347900283,0.19718196628736395,0.2081231816988791
3,ARE,0.4030136108383313,0.15861791938180625,0.1527536245405925,0.14392734383749473,0.17964462028546782,0.10949652330045782,0.0,42.351171458998934,79.49011609664261,71.00845403488029,66.45490196078431,82.19126496680936,100.60363694882524,United Arab Emirates,0.0,0.0,0.0
4,ARG,8.343863990844216,5.579005845448148,6.409942012699188,6.2544204228486615,5.945892607425977,6.103356932556246,1.0,14.36273879045828,46.75735505722445,38.70948012232416,27.858773995575536,37.09754230987886,56.84481747213573,Argentina,1.0,1.0,1.0
5,ARM,1.7345740678687054,1.7981400105423817,1.967693241992124,1.69607564524053,1.9246728082475395,2.1316341635327816,0.12476300442577926,4.900711513583441,23.1760162601626,16.81804163454125,12.611202635914331,18.09454394002499,28.997740623587887,Armenia,0.1443482040441577,0.16723490452879874,0.12476300442577926
6,AUS,11.085545985207565,5.154390770168134,5.066071537230633,8.800898110391552,6.656227558728496,4.108240639592633,1.0,35.72786060714927,66.79809794490599,59.14955735020675,54.78392242287963,69.29577258192272,76.9028763963638,Australia,1.0,1.0,1.0
7,AUT,2.8246967916518684,2.560387938456251,2.6770881553463486,2.4203269536206533,2.6091820319757457,2.1751398968114075,0.326642860045429,35.36454610436026,62.057954307273114,60.91751682222704,55.82606431454238,64.77399770904925,70.88925802879291,Austria,0.47248423769418757,0.5034603226116873,0.326642860045429
8,AZE,2.154728615974656,1.7351030625235626,1.7627686645750409,1.698961420587044,1.7285372211487249,1.7538965945181906,0.22175090748462545,8.782760121898127,17.6894848954299,14.131447284635678,11.213830437439972,15.379194298723153,22.38007205157376,Azerbaijan,0.29423047366786714,0.30321406639785886,0.22175090748462545
9,BDI,0.5507443674508772,0.3381136477191344,0.2967406293544354,0.2859287962262993,0.2929481647290397,0.3585826895869397,,0.5235595848741501,6.909324428461341,3.5809637120761453,1.8602317524787957,1.5075418531410576,9.658720722862919,Burundi,,,
10,BEL,1.7602025682703626,1.7181283422813385,1.8114881690132247,1.6674070531781695,1.7709642683459892,1.5377988530455244,0.0,33.389283047050036,57.80030651340996,58.04390282629406,52.70011500862565,60.356524719389945,64.61143931256713,Belgium,0.08022966505016726,0.04775760725377576,0.0
11,BEN,1.2727405657546464,0.6323199754639478,0.5962562713811517,0.3393713775652567,0.5737230464344647,0.8304859786412141,0.2782127759741948,1.4238418079096047,9.80302589467559,5.1990735921723745,3.1061741526857807,2.64825124910778,13.245219089186241,Benin,0.44170315123671033,0.45882307336394423,0.2782127759741948
12,BFA,3.2447398138441588,1.2518069992994922,1.2190402576828347,0.6403844918215293,0.5822201427454997,1.3949648429060033,0.43444387114825,1.136013115550428,9.620050418101329,5.725066058753433,3.060101160368938,2.6565258134112057,12.723069056977598,Burkina Faso,0.4375054723427779,0.4387019500334981,0.43444387114825
13,BGD,0.4266835630590601,0.2637195321493497,0.3019139118289091,0.1996363808939209,0.2841652750027864,0.29984145352941993,0.3745587047908601,1.4882912328840825,14.840174475868862,8.95983184950224,5.578861869328412,5.164119421193534,19.67592841529416,Bangladesh,0.41564708338940803,0.3966413136555349,0.37455870479086006
14,BGR,3.9262973252216975,4.128695104661639,4.237956105211714,3.9438911206556613,4.196502472903614,4.077527933846777,1.0,11.574326127568723,47.12783303440405,38.932625237793275,29.295094812725274,38.81685166498487,56.66640353646985,Bulgaria,0.4865476461786463,0.5881910894747702,1.0
15,BIH,2.5442239638810578,2.267455166010649,2.459793503961774,2.2986381179826605,2.2348145480767516,2.2274390367865915,0.11530735340579225,7.464095744680852,29.750924784217013,25.15358982126628,20.595636580992227,25.67212062880975,35.44970956893916,Bosnia and Herzegovina,0.2597280078442733,0.18866009281195328,0.11530735340579223
16,BLR,4.382329471043128,4.7368281719761365,4.798002589082742,4.3917815548227415,4.882601524535521,4.849625389418585,0.5854320813204241,12.368004168837937,48.493524456180054,39.920058493785035,31.23286862003781,40.73930113859442,58.13376672084011,Belarus,0.31007701154170086,0.26186785709520966,0.5854320813204241
17,BLZ,3.2762038188481237,2.2059466310631133,2.126297656641728,1.215884842702362,1.7815853150108751,2.26074645535867,1.0,6.605769230769231,21.84871794871795,15.444196428571427,10.568383658969806,9.436046511627906,27.005747126436784,Belize,1.0,1.0,1.0
18,BOL,1.983685028922892,1.3981074427616889,1.2390564793791246,1.289858959279301,1.0911525666691986,1.6703378678107157,0.7136025341654318,4.34944612286002,25.831503618768803,18.413986405998177,11.201909515026582,15.013051044083527,32.46953689029758,Bolivia,0.6197942634899398,0.5532661104647735,0.7136025341654318
19,BRA,3.9192571042787563,3.3806991349794284,3.295482576144673,3.3787649256769026,2.94767516489224,4.294778680681517,0.9675989680012842,10.092748761195407,33.57053510351663,24.208170165783983,17.08307379343515,24.847797012977935,41.617462231963096,Brazil,0.5598972381678726,0.6388770876911386,0.9675989680012842
20,BRN,0.6421519704285735,0.39589760786895545,0.3534312419457984,0.6922717959747289,0.6822475163895201,0.3838292347784287,0.0,45.49624060150375,85.41436464088397,78.16108452950557,62.341503267973856,76.03874538745387,99.71785714285713,Brunei,0.0,0.0,0.0
21,BTN,0.8238851620617054,0.6918105291919325,1.0206439440957036,1.0442635077476297,0.8396830470003463,0.5991385320227757,,4.779614325068871,50.468805704099815,41.19531880548829,27.214007782101167,36.7929203539823,61.75041876046902,Bhutan,,,
22,BWA,1.002469891191255,4.160516166954746,2.5745311064247143,15.824130441495724,5.077024326990951,5.258748893323106,0.0,12.462381664175386,39.605672105672106,32.38194444444444,25.38686131386861,33.496450754214735,47.302816901408455,Botswana,0.11745807035500166,0.07093582070390059,0.0
23,CAF,0.4802201889029368,0.39751560352732734,0.4619777046938932,0.3949843015205641,1.543469866027537,1.160972721291973,0.4582634516982592,0.7075664621676891,6.7536864279265725,3.601564607499326,1.8806044092147634,1.5228200371057512,9.513278319579895,Central African Republic,0.48653767237756873,0.47114579162077597,0.4582634516982592
24,CAN,9.838988061820336,4.629820596266732,6.6643499106788076,7.424823825024384,7.910551222710548,3.547302535135085,1.0,35.33198106828938,54.719843166084665,55.634758852579594,60.80077958137547,59.96498385939742,71.16617644558546,Canada,1.0,1.0,1.0
25,CHE,1.4023352440796029,1.3928751768538192,1.464769531128211,1.3651431941763943,1.5306882958500598,0.8591463031464798,0.20496933753875698,38.376174321503136,67.28836568034787,63.890209332751844,58.05535878263151,69.9333103764922,77.73753232360546,Switzerland,0.24920010981672314,0.22616082699778817,0.204969337538757
26,CHL,2.4253948072236957,1.7417423473397131,1.8456142431419684,2.1199024012358727,2.0205230865516817,1.732972485749544,0.24402933106384905,13.613883370340071,46.89350339606989,39.42422323950522,29.099494788584956,38.532633548118895,55.914986628265794,Chile,0.5186278897001351,0.3970134660147262,0.24402933106384905
27,CHN,1.6401075206710891,1.178606642711427,1.3153162094610875,1.248472038042775,1.2971964227696489,1.3682383153364457,0.3752085568391221,6.800201291996406,55.892612149700625,40.34992217794097,29.409976557689884,42.73349804517352,69.54928943702114,China,0.48978975793138535,0.48680974257937937,0.37520855683912213
28,CIV,1.7029688450283715,1.4563326043857625,1.0625513977805636,0.944402446203906,1.062068087120576,2.2724442276944092,,1.69434593170534,22.44553757053757,15.092197655050786,8.001012889012687,7.063011127496984,28.462924071082387,Ivory Coast,,,
29,CMR,0.7397332283734005,0.4368411839494031,0.4908635340303112,0.4712472728095473,0.5111402920911765,0.7629790099470956,0.4452938504775861,2.0580641869483136,14.494747968553876,9.598081795150199,5.926231042875866,5.2257986835768175,18.672782773151066,Cameroon,0.5355510722361063,0.49279033603124334,0.4452938504775861
30,COD,0.6734316508159118,0.607699759604555,0.5825147922334513,0.3607999398837117,0.5129452347703214,0.595180330295109,,0.31646605827244345,7.428664805715121,3.7585146755055967,2.039015128315061,1.6100281133182983,10.491971264766931,Democratic Republic of the Congo,,,
31,COG,1.1148264024434775,0.8630067639523609,0.8709618078179913,0.9838643250638308,1.3896918445783986,0.8635340187012253,0.2787747716631425,3.8080633193173385,24.080332020258865,16.661383101112108,11.352073085031623,10.45861755343338,29.96768475593128,Republic of Congo,0.3438563695147605,0.28042613141758843,0.27877477166314246
32,COL,1.4873904392765505,1.0211638450414722,1.0909944525545985,0.7426157673938784,1.233377320213894,1.3023920245935119,0.2908608476006897,8.479317420887785,31.22384231365123,23.199890453834115,16.104844520813703,22.809282174044977,38.6606013208203,Colombia,0.3660995482626236,0.3913356318241793,0.29086084760068975
33,CRI,1.6761889508905594,0.7987095608351641,0.8018781505830214,0.9364663876892008,0.8366035756202385,0.8346828668547431,0.5363886211896277,10.452242970594549,34.66515544041451,27.07853325415677,19.81700267869731,25.697795275590554,42.579548965091135,Costa Rica,0.5065767764339939,0.49591052525394164,0.5363886211896277
34,CUB,1.3558625611491577,1.145485603207253,1.3051669677498337,1.3362608826380038,1.3674444461297264,1.215219505439231,0.2433123360963643,5.747024338248357,22.467978652434958,16.124564838990427,10.939367311072054,15.775570776255707,29.413564929693965,Cuba,0.7845004868123853,0.6812703622905719,0.24331233609636427
35,CYP,1.4291808250890932,0.9715952217260986,1.2550546680796582,1.2631481041383508,1.2340324741981643,0.8188115423844152,0.0,18.901268115942027,30.868874172185432,25.896770107663077,21.318304172274562,30.113055181695827,37.67708959711365,Cyprus,0.0,0.0,0.0
36,CZE,3.1624949945793186,2.4883426286109134,2.6566145633443616,2.36709847440573,2.607142516423756,2.3084779412520136,0.7431287856592281,23.69570189650243,63.03931793725685,60.439764183185225,54.543923108722616,65.57092423282339,71.72159338267305,Czech Republic,0.4787558109670138,0.5637100989708702,0.7431287856592281
37,DEU,2.7761743429296937,2.237717444519176,2.3770238530670005,2.2571626652332064,2.3153829129776584,2.112093265235313,0.43075293976793305,33.13806468858594,58.06093246611148,55.63857497592864,51.061171131913866,60.805636098825474,66.67855200469903,Germany,0.5090791977288013,0.5464685703279024,0.43075293976793305
38,DJI,0.12899809258649486,0.19864050689226054,0.24228888033433765,0.2593072261944516,0.13696520179808885,0.19782404067075526,0.0,2.1192350956130483,15.197051978277734,11.930333817126272,8.299384825700614,8.19257221458047,18.622361219702896,Djibouti,0.0,0.0,0.0
39,DNK,6.923153655855192,4.635680603707546,4.592174794646064,4.335924420659173,4.776433737918446,4.351492547411188,0.8794356331733912,32.46270270270271,53.23288679523038,51.563888043808944,47.99156582324899,56.82524432665231,60.036994219653174,Denmark,1.0,1.0,0.8794356331733912
40,DOM,0.8371672106155651,0.5191962168931684,0.7050389300890949,0.387720738682982,0.6765195125279969,0.7283521397988795,0.16376039675343956,8.387226755313792,29.575718904202823,23.53396283886689,16.50952289954774,22.904789670970427,35.53747072599531,Dominican Republic,0.23009488899168196,0.09129949093565193,0.16376039675343956
41,DZA,0.5303166007620166,0.987535944122908,0.8412819820831816,0.4872939208925542,0.7842219719065713,0.7271111254668093,0.01087262267028244,7.564424269764294,22.093813120224816,16.835012619888946,11.88320205296361,16.668173323482115,27.328967007507405,Algeria,0.1331286745479765,0.040334351329045504,0.010872622670282439
42,ECU,0.9231712122513398,0.7932293292163111,0.8699765204924597,0.5939628044008824,0.8560094029141053,1.0095676473099295,0.611296866659464,7.200829588662288,27.1292333149476,20.27870974164966,13.508041391347712,19.31899376387274,33.89882071440779,Ecuador,0.5471495882266741,0.5767679451491398,0.611296866659464
43,EGY,0.6845815183892648,0.3647074186599759,0.2558982533187451,0.4362156044977531,0.3315676560281826,0.34383908658318624,0.16315012814666474,5.543546060822722,29.44925226445666,22.41321149117819,15.091488277268093,21.687786347825313,35.99611575238147,Egypt,0.24118910542120253,0.2522498457066944,0.16315012814666474
44,ERI,0.9515533641015004,0.5570031499828597,0.6501518487125583,0.5768808279058509,0.476652629427376,0.5551258981587432,,0.4897221164826799,3.049152876280536,1.3482894963039367,0.6972423560776472,0.5475553393334955,4.399481815564726,Eritrea,,,
45,ESP,3.400046184277497,2.924019857685403,3.0273306546457075,2.9279105944729995,2.9947170325203456,2.4497145199548003,0.1348441536183571,26.96143412114504,41.19918983612594,38.16171341925701,33.64664151284426,40.76963858281735,47.540227467602854,Spain,0.21965713154185562,0.17315746677126942,0.1348441536183571
46,EST,3.2271670557799363,4.511578041023312,4.955776473626946,4.147487421673037,5.585818393461267,4.2403376745027215,0.7022967832483289,16.594332587621178,51.31005372217959,51.50119142176331,46.53479853479853,53.836562763268745,57.53835425383543,Estonia,0.18318784387232934,0.20544765225358463,0.7022967832483289
47,ETH,1.054888451863266,0.4230902822428594,0.4744396194453602,0.6219348628635142,0.5395366467346704,0.7514451197724471,0.4617589360330503,0.9322242314647378,10.085235866300616,5.6392094642666,3.047801157570184,2.498434493330289,13.745253441437239,Ethiopia,0.4794521877508179,0.45742999954333774,0.4617589360330503
48,FIN,2.696490213783393,4.0052510669210015,4.237920831301048,3.5958066377243005,4.253563427713749,3.6882446326280767,0.4569388180775326,31.700279589934762,56.596590020334745,54.34617875647668,50.901702786377705,60.38041563930961,63.81431921644365,Finland,0.5057677625659338,0.48109942814005735,0.45693881807753256
49,FRA,5.9853361051944125,3.5898671985387263,3.6197192666670714,3.6153031725425553,3.5995326082880084,3.0663231291233743,0.9791553307903516,29.595657195657196,51.806707302086664,47.695192549710555,43.50821869899744,53.36973426648433,58.952758145335984,France,1.0,1.0,0.9791553307903516
50,GAB,0.6980261353325127,2.222532287386408,0.6632360321386156,0.633798399533973,1.3292272888289685,2.242965119154908,0.14792264080879058,13.614617940199336,38.36295951605398,29.60402097902098,20.023181454836134,21.915594855305468,46.176085941149,Gabon,0.2759636524846285,0.21585420596572202,0.14792264080879058
51,GBR,1.8910661542046558,1.4707886716514258,1.5026124181761034,1.377057640814777,1.5705578121052153,0.8296322116226229,0.2520431564898492,32.469727255142175,59.76973155133459,54.79249791100899,49.8007331924941,60.86601914414413,67.91721354545149,United Kingdom,0.3806179918201925,0.33650955378150904,0.2520431564898492
52,GEO,1.6600700221948608,3.3901628772098817,2.4372283434052955,2.0378616435988115,3.111824800365097,3.861294205462692,0.14630044117617946,4.651194852941177,32.61711711711711,23.4494730316181,16.810964572019653,25.26240426240426,41.30191458026509,Georgia,0.1442656855229607,0.17205126319265518,0.14630044117617946
53,GHA,1.0724530371162049,0.4734884065774064,0.5200458017992214,0.4141507067273824,0.4862807811523677,0.5742439302004548,0.4598834562544122,1.4784355526402098,14.512643793388635,8.934470415732276,5.042180390430061,4.348384232626108,18.827749611474868,Ghana,0.49949452386612014,0.46270962288618844,0.4598834562544122
54,GIN,1.3474520015713864,1.0630790611837542,0.7961437133751907,0.6703510905750448,0.6221542500662335,2.2674782205928556,0.3773638039743557,0.9783610498898017,25.204364494249486,13.970671834625323,6.237125992265418,5.358770384680947,32.99464038727525,Guinea,0.39819728116539754,0.38924757799263443,0.37736380397435565
55,GMB,1.6415026750002086,0.4543911029626803,0.4745992011152954,0.3552334609901737,0.4277160504323383,0.4252200844925713,0.04987109440084292,1.833912037037037,12.847120418848167,8.457073021692636,5.132133676092544,4.529222520107238,16.791143911439114,Gambia,0.1815086981840497,0.1414235972239477,0.04987109440084292
56,GNB,1.1707297997765815,1.0917531340093598,0.7062881423268385,0.763848467711392,0.6801899697915221,1.020544962031932,0.6399747467454947,1.0640264026402642,11.098345999105947,6.495176848874598,3.4731567644953474,3.006220270764727,15.071691176470587,Guinea Bissau,0.4593627199076572,0.5237005436866902,0.6399747467454947
57,GNQ,0.2754375135711031,0.636395458533376,0.6153610828583189,0.5945756870252605,1.025695960829207,0.7130934115266857,,30.76857142857143,57.770404271548436,46.93416493416493,36.95167785234899,42.739924433249364,67.74430199430199,Equatorial Guinea,,,
58,GRC,3.1414479575419616,2.7887063501320584,2.964839269525739,2.731711939687892,2.828055812140787,2.6341459270856653,0.2448140059033361,24.112774011796812,48.843497680810856,44.18145448079659,37.458478216404174,48.19359357489727,56.83743073441036,Greece,0.3607575594221345,0.3376533616375539,0.24481400590333613
59,GTM,0.8206092313075134,0.4862321992764488,0.3823835022763428,0.4772791607876266,0.3873998014549769,0.5574677248195187,0.659992298286342,4.296545972617972,20.42712982728508,12.997756859603443,7.640217920623325,6.765362060173381,26.285930645498222,Guatemala,0.6380071186899127,0.61361979700337,0.659992298286342
60,GUY,1.8560442604922112,1.7953710295359593,1.8426550463775635,1.9801263831506104,1.9466092154123555,4.017567551418321,1.0,3.1061007957559683,18.538694992412747,12.099726775956283,8.340602284527519,12.476968796433878,23.881132075471697,Guyana,1.0,1.0,1.0
61,HND,1.2846094842703513,0.8773822978353379,0.7748925258995125,0.5487344936658193,0.5683860327482506,1.024662418150445,0.4775484399970346,3.5184844099460597,18.22726372102239,12.071961574749121,7.541144227475162,6.697039544766981,23.56105856095228,Honduras,0.4330700065905464,0.39569692679526625,0.47754843999703467
62,HRV,4.284144428122452,3.3698415562724864,3.436504762423647,3.3357609755362105,3.303705471256796,3.1100610962476725,0.4885447381941348,16.183284124460595,34.61256014180805,30.05488555254738,24.79218208807521,33.53539590980598,40.83964800782204,Croatia,0.4122939382381504,0.42730112414450283,0.4885447381941348
63,HTI,0.1346341707783953,0.1494800225489577,0.17190309961570072,0.11008726500673033,0.17789611049028656,0.1803824263883718,0.22260082708283568,0.9924947463224256,11.80963149078727,7.253471405036478,4.0901628664495115,3.495692417230331,15.625422773393462,Haiti,0.22286665772639958,0.2357755915123303,0.22260082708283568
64,HUN,5.216171867652529,3.7076956802498455,3.838081628126648,3.828928194912791,3.893291822836787,3.6754214884065197,1.0,16.981971153846153,39.09393874029335,38.509045960220256,34.09118381290238,39.83169605870518,44.438786459857575,Hungary,0.8452956911884908,0.8228770412586739,1.0
65,IDN,1.530270041219155,1.0087866091486146,1.1700336200658779,1.1348882009011627,1.049476014536585,1.073503719254089,0.8067170701461375,3.8765211301074327,33.52148330142287,22.032967912020645,14.774369283803553,23.151580027805117,42.84753790699752,Indonesia,0.517580317246882,0.5549086639222294,0.8067170701461375
66,IND,0.7311292162033812,0.545801891181232,0.5866633363893522,0.3613009210786244,0.5299792545330725,0.6229383254969244,0.493092805160507,2.9830640512030726,23.798256188576218,15.883354721867349,9.587279186014056,14.890278767648235,30.057060762766646,India,0.49537477652678596,0.4833186612414514,0.493092805160507
67,IRL,2.203502644905098,0.9122814931131908,1.275458707752496,1.5014701302278877,2.162331678259276,0.7953632511383609,0.3207936041294593,36.01364653243848,55.88892293549869,56.679616231519354,52.03463855421687,58.950431399086455,62.98811431623931,Ireland,0.7190547536812026,0.6227922652668063,0.32079360412945934
68,IRN,1.5173540585942376,1.9972199171400689,1.707798650798776,1.7791107890652478,2.089468955497822,1.847033613296956,0.20900914224001726,10.954051423473112,26.863592754185987,24.054544481891615,20.18030533458119,25.549635426738405,36.59958558765972,Iran,0.28379278180162504,0.22693333674808092,0.20900914224001732
69,IRQ,1.1663902620397584,0.4896741411539782,0.3853675655797331,0.3630352883711629,0.33115485959720403,0.4948196884876057,0.007488377242240719,3.231150543066431,14.695937997370425,11.11344953288959,10.655560453838838,12.94059511536137,23.965757060947123,Iraq,0.16460665888100046,0.05793562732924462,0.007488377242240718
70,ISR,0.7374985140210938,0.44178348896127534,0.3831433048890324,0.5916943898624288,0.43217657408310617,0.3853182993635077,0.0,26.71137772984632,58.06061646186586,53.22827496757458,48.597951024487756,57.75015133171913,63.82557335484614,Israel,0.0,0.0,0.0
71,ITA,2.1299990613828546,1.8739768633611649,1.895338630831975,1.828689011891622,1.871343430679088,1.8195337365239719,0.20191893314201306,27.10528314974154,46.0533251464198,42.449622616956205,38.02708137820083,46.17930975713677,53.081211626204016,Italy,0.3340745589251556,0.3390591121639255,0.20191893314201304
72,JAM,0.3851114255711504,0.5349405503995942,0.5245311299512055,0.5337502253558981,0.508161275615206,0.5513720059429237,0.11151536769037018,6.902225465158701,19.76541232986389,14.195979899497486,10.23519506034241,15.172111553784863,24.65412101000476,Jamaica,0.229124464770462,0.16760791034252565,0.11151536769037018
73,JOR,0.37866288910157,0.2248425827611968,0.19473629178978494,0.8843758138585615,0.2196094739807564,0.21002367831975688,0.0,5.130758041053822,25.77540599363804,20.353504866822608,14.449848681366191,18.387652985326934,31.45599002959963,Jordan,0.0,0.0,0.0
74,JPN,0.793247921672675,0.9981181199071304,0.9333321585621964,0.9043369822246864,0.997438269203736,0.9432131935990532,0.05265482746064376,30.815728330277548,56.60654800640203,48.97594122034086,44.11262591359343,59.45279248870007,66.70331943422451,Japan,0.028327753537078504,0.027973072373287833,0.05265482746064376
75,KAZ,8.148168574109832,13.309078865971616,13.505270747230732,13.994245763799558,13.816862067171913,14.661469625645216,0.9512563355549788,11.11818295270186,45.57763544168669,37.23312518584597,35.18747974255683,46.012145084523226,60.53539917083023,Kazakhstan,0.7402896994421364,0.8284984171705526,0.9512563355549788
76,KEN,1.1125050730136885,0.4831937612974486,0.5469154611971498,0.4008454414361323,0.509117526186293,0.6148860966095726,0.36245604145400734,1.4811788808530595,10.735600159208506,6.532117966588091,3.8077356012757178,3.350411780747205,14.211152808725227,Kenya,0.3974462707350328,0.3788365066079883,0.36245604145400734
77,KGZ,4.385588685517939,1.8197671367200368,2.1093444296623387,1.6686138178388903,2.0661140435605807,2.7157054453271865,0.2798875977250228,2.051181102362205,14.656861048624329,11.017004680187208,7.942248062015503,8.213375240090796,18.33049370764763,Kyrgyzstan,0.4254544252681002,0.4440069712657856,0.2798875977250228
78,KHM,1.8486954897576104,1.6882574308984428,1.9550000123082367,1.204902316573187,1.8750842389846385,1.7462645678899211,0.48791981887014396,1.968170886971283,18.533833153313424,11.59086006244678,7.527976906422901,7.185703334610962,24.264919129949806,Cambodia,0.46711920731145784,0.4470429205411681,0.487919818870144
79,KOR,0.8504922950618325,0.9204266593992462,0.970541093511558,0.9673520640547104,0.9530213377294654,0.8916444311923686,0.0,27.41333222646522,76.43986680730492,74.09336768940952,66.7758151513679,80.06164554379123,86.47966339410941,South Korea,0.03672610246876529,0.01965974542203197,0.0
80,KWT,0.3760838235142482,0.2353381811269196,0.2243106131480712,0.2103398931527512,0.2328553008719075,0.20535432282521493,0.0,45.6181951041286,93.8774025004665,84.04810996563575,91.84561011904762,110.83129855715872,123.16740232139938,Kuwait,0.0,0.0,0.0
81,LAO,3.792455134484288,3.5836607209929623,3.1036613906884005,1.5820978819663103,1.877271449411981,2.8296205860575103,0.5329567356520566,2.312530237058539,21.815366522932184,13.81299965241571,9.195232914647413,7.8744171588436425,28.34964744919121,Laos,0.46877701733838706,0.4727524896488604,0.5329567356520566
82,LBN,0.8982555209319886,0.8139170537004354,0.8679393735567251,0.9884503822989628,0.8828503398190838,0.8248487934720642,0.0,12.617549668874172,41.911695531323495,36.28513975467525,27.154662199888328,34.86026863084922,48.88529159519726,Lebanon,0.0,0.0,0.0
83,LBR,1.2324248424514919,1.2334252915464374,1.0831925907938529,0.5417477985161069,0.9127720131437226,1.2984812434614763,0.31293052924666864,0.4822233350025037,8.57086817384123,4.310438074634938,2.1539485359361135,1.8951340934639473,11.602049371215651,Liberia,0.2853672385736734,0.3171609354889161,0.31293052924666864
84,LBY,0.4452560419886528,3.383274704147133,0.7201409145986144,1.2575414508672855,0.9780752454534092,1.0724177548249854,,15.698662470495671,44.58504249291785,38.92291044007008,32.26020883833675,40.106629213483146,55.452970864877265,Libya,,,
85,LKA,0.9000374396057381,0.6352781177903203,0.7156204836613111,0.7238466762952431,0.7214006618317645,0.9435959700885792,0.3094862915124762,4.555225311601151,31.62565420989808,23.314122705473793,15.28873187058386,22.107562947987503,38.9807220806692,Sri Lanka,0.28945726820753626,0.3042684287576455,0.3094862915124762
86,LSO,0.8531610699503827,1.2380920985631918,1.1848263242703494,2.7424149631739234,1.0179932247510528,1.7794956656557288,0.1266452688701405,1.43666513127591,12.594020456333597,7.689047261815453,4.699039487726788,4.067370721048799,16.87423935091278,Lesotho,0.08961679667335587,0.22524088025189415,0.1266452688701405
87,LTU,5.285408868917411,5.245574265411828,5.324694690108356,4.985115926643561,5.465642610493474,5.3284747036673,1.0,15.360709987966306,44.02961275626424,39.90084776999632,31.639676113360323,39.183794466403164,50.68898573692551,Lithuania,0.43205893139080864,0.5057209770148386,1.0
88,LUX,1.7701780341044746,0.7598029375904177,1.128695338248891,1.9643800174129484,1.1450372841899044,0.8495308644767966,0.20201244456146686,68.73372781065089,88.07547169811322,87.92418772563177,85.5,87.53571428571428,94.6301633045149,Luxembourg,0.08022966505016726,0.23160531801094986,0.20201244456146683
89,LVA,3.5646217310924566,6.327397560847576,4.4663641155251685,4.234599819086023,7.087161887579336,6.004043247661481,0.8661671677527982,12.873445825932505,45.83036707452725,37.64141689373297,30.389394750937335,39.27610208816706,55.84661902144035,Latvia,0.32406504515755274,0.36362196092155663,0.8661671677527982
90,MAR,0.5743018245815483,0.9630653270925981,0.7976201639549665,0.7659512240450027,0.7809733185886075,0.7390463512967244,0.2204228625607876,4.296986009827549,29.769816218767517,22.291401445679146,13.831892347255476,19.441512576088204,36.835436893203884,Morocco,0.28196078754424214,0.20652810833435264,0.22042286256078758
91,MDA,2.8943678674902147,5.363279508952962,4.9267326611397815,2.4307686242710083,5.667745195775898,6.586634368152563,0.7661641504143042,2.785054575986566,26.017428167687232,18.62356717102247,12.939821693907875,19.501222493887532,32.11380281690141,Moldova,0.6256664755395823,0.6493108056842386,0.766164150414304
92,MDG,1.1225248479261147,0.4904939277891595,0.460359110215865,0.30451418278841297,0.615046827214663,0.4971884753192659,0.4318222441551708,0.8689292266100223,7.090375806926848,3.916627873467669,2.331166856708476,1.9436540092339585,9.780430812204555,Madagascar,0.46782633711982213,0.44600760369116166,0.4318222441551708
93,MEX,1.6672295116444926,1.2376258328757788,1.2687218945565255,0.694689145461994,1.3712076479834054,1.273100125304721,0.23526179417814186,12.428572688079136,37.39879570407873,29.69974246733773,21.60951603418647,30.491401306765383,46.068337819114205,Mexico,0.27263875735920107,0.19771197966434384,0.23526179417814186
94,MKD,2.7152077968483845,2.456038157081459,2.372938917445665,2.3589044866196063,2.302583152855967,2.4153444074972987,0.20132513734813107,9.185346918971375,33.98069151324652,29.482042405884897,23.304482911673325,29.082374597330876,40.63164556962025,Macedonia,0.1279912334374198,0.2855192058314373,0.20132513734813107
95,MLI,4.514815707662592,1.490111771425637,1.5417096492843352,1.5783957551811392,1.1475739822874509,1.729000090271208,0.41973801153312174,0.966818477553676,7.838697987019405,4.125536062378168,2.3232301570281413,2.0465099281276644,10.433755819090013,Mali,0.4529515758616185,0.43562588530572166,0.41973801153312174
96,MMR,1.655851973996061,1.3198502185027472,1.2760620954151465,1.4247739366934902,1.3983477785363472,1.9045001374322577,0.5114884814783303,1.4419239830702835,11.216238571077282,6.26044665624743,4.118465042800985,3.4913535677675265,15.076001767482964,Myanmar,0.5224801245699164,0.517825066144453,0.5114884814783303
97,MNE,2.370508857156372,2.016233513397548,1.8670793968640689,2.0352159991037087,1.892346442130142,1.846484087684636,0.0,10.164817749603802,26.153846153846153,22.337209302325583,17.705293276108726,22.181818181818183,31.059506531204644,Montenegro,0.5210121275530843,0.49519843868160496,0.0
98,MNG,5.270210652078797,7.851116404305039,6.855236877080437,3.708212363463506,8.059753318146242,8.745845673605702,0.33133781313305644,3.620101596516691,43.18227033352838,31.605843293492693,21.482524044100398,32.52392065344224,53.5550581915846,Mongolia,0.3627234905264366,0.30959158070693715,0.33133781313305644
99,MOZ,0.884707233943975,0.4412653865726136,0.4885017728420256,0.4854405692201544,0.6522658480789586,0.5804292650979331,0.418720981030545,0.8227095891582233,10.662660213795672,5.578559099614593,3.06896183042874,2.5895913978494622,14.488645514575616,Mozambique,0.42827276602137476,0.4108261073774099,0.418720981030545
100,MRT,1.2552927393763458,0.5915093805356778,0.9075307837676654,3.981225984299195,0.6573912014462947,0.7013855597290912,0.044651447852422484,2.2034682080924854,12.348987108655619,9.188167756338702,6.040796160361378,5.920151027828276,15.290234089246525,Mauritania,0.06886467008713115,0.12905203307920332,0.04465144785242248
101,MWI,1.0153196980083157,0.5133499492270741,0.3570001022296391,0.29333093893979056,0.38377155440902383,0.5906246742585023,0.5291430358680218,0.7955170793906449,7.687758687431141,3.8620655632569503,2.255782001373941,1.8985795214340069,10.554049556772458,Malawi,0.4616986500821223,0.49515547467862897,0.5291430358680218
102,MYS,1.862560647622757,1.0851952702157703,0.8645959637708657,0.9665489184431848,1.1083550199891958,1.0839792502889278,1.0,13.213900918981727,46.549155010923336,38.90937247197504,29.414201059090527,39.04353851193026,55.4045752122072,Malaysia,1.0,1.0,1.0
103,NAM,1.608818036316231,1.6290577670086868,2.637293565407804,5.163128253040545,1.4993203105586719,3.474614912774303,0.2185794273809909,5.870784056066579,23.02832861189802,18.454083158839367,13.503625209146682,16.198595505617977,28.06957621758381,Namibia,0.17114645784903626,0.23321857745682606,0.2185794273809909
104,NER,0.6909115517345851,0.25140498180827275,0.33620483736551204,0.3429639674519488,0.2983801585155529,0.5109820144165796,0.4270997568595941,0.650141825683342,5.975870345041162,2.8667530377088117,1.5305463718838628,1.2993845228865717,8.101801896181447,Niger,0.43129664314646243,0.42377803449799767,0.4270997568595941
105,NGA,0.9826910863439402,0.36178047528372703,0.4153111632049846,0.2848431659099165,0.25494659409122306,0.3988879244206509,0.3960937586502008,2.1349488394993155,15.338297995368075,9.959558239954802,5.999299028785936,5.279025913177402,19.91930506904527,Nigeria,0.4610777749150925,0.4406052941142583,0.3960937586502008
106,NIC,2.3025333815598903,1.5800297436103081,2.106242835036651,1.0020151404619542,1.9541248670972164,1.9266157116047764,0.5323188668189138,2.4994816862474085,17.8199121522694,12.241659538066724,7.529373719952571,7.765963994460686,22.628153283265934,Nicaragua,0.4381987941115444,0.4240136182612736,0.5323188668189138
107,NLD,1.1291896380892186,1.2399549277044108,1.2552146968241868,1.248537553037572,1.2627179124736805,1.1964865995962766,0.0,37.00770480948655,62.27184922209461,61.716339165545094,55.09030711988397,63.27836828497557,69.74335378323109,Netherlands,0.0,0.0,0.0
108,NOR,1.2727676412989917,1.9511128216396785,2.25982446177714,2.6101926954648285,3.147363112630165,1.4433676222696714,0.0,46.744828998566454,68.6450055187638,63.63471612629195,60.4902413058907,73.6571998771876,78.14335461404528,Norway,0.1525783203506168,0.09933215275480456,0.0
109,NPL,0.7500972694534176,0.3963883888285824,0.3563903573394104,0.33760367065588426,0.3763717860531669,0.4553979144758973,0.41307543312149897,1.0793751460329117,8.62972715303945,4.738063898528179,2.5731571170579546,2.152050860680909,11.985488827783811,Nepal,0.48422709671320563,0.4728647859572648,0.41307543312149897
110,NZL,1.255245027750272,2.022492772272252,1.4655837652699588,7.671329671987682,2.8200226735772707,0.8361873851271919,1.0,25.385989010989007,49.039543348775645,43.69814814814815,39.54017946161516,50.59631220909416,56.17260273972603,New Zealand,1.0,1.0,1.0
111,OMN,0.5324441606419481,0.3776145684293995,0.3420101480524713,0.4275272227483361,0.5355335277458394,0.3043462855552005,,24.562904385334292,64.38177458033573,47.99880263420474,35.39173789173789,53.97482945189367,71.29767981438516,Oman,,,
112,PAK,1.0212649253305262,0.5607034591084552,0.4075647648643556,0.460306270343925,0.4615776925968481,0.6338917785979925,0.5024636756994781,2.4108575806628147,12.427262490980167,8.474739982978841,5.069698506069632,4.567868900646679,15.813543817995543,Pakistan,0.44822591287639457,0.46001066852694594,0.5024636756994781
113,PAN,2.184639367919848,1.5219126534903211,1.3103565135004411,0.993459507583578,1.8227580915435908,1.719128955101478,0.22398931656755616,12.638043787318738,55.46307857911733,46.63527799530149,35.4509630676798,45.607514328168115,66.55674518201285,Panama,0.3473917145538411,0.3104473420362641,0.22398931656755616
114,PER,0.7360721703728322,0.7366181232887018,0.7758947830286231,1.5228735894442915,0.826814237742828,0.7949668050414778,0.3332523995341311,8.55820751796953,44.228588132125104,33.35231232650168,23.696905529621255,33.818343722172756,54.79865796155241,Peru,0.3845496967137574,0.4992701100346587,0.3332523995341311
115,PHL,1.1410841857449936,0.5814914934853035,0.38713630502033214,0.3991176752380535,0.39863757134357736,0.6226596731592601,0.4609264153164924,3.560491523788079,17.63062051714785,12.096839774557166,8.00321000461042,6.913444399137881,22.71067977532395,Philippines,0.4573741688793116,0.45520863748013063,0.46092641531649237
116,PNG,2.8553484011195236,1.0099957927623235,1.1903313145094467,1.2774758187399462,1.0390000409475448,1.130160875952384,,2.2174103237095366,17.362654623993716,11.49278511821975,7.664670658682635,6.68075407556208,22.70732665488116,Papua New Guinea,,,
117,POL,2.908651174992417,3.2243463291868784,3.3117369156348366,3.3406938532494914,3.312733826586141,3.2264279520478767,0.5376228078846199,17.25521853854795,44.57836475230162,42.26869152233883,38.07120563724701,46.30105313404338,50.79757476945025,Poland,0.42866548512206415,0.4582402028031384,0.5376228078846199
118,PRI,0.2955348447311646,0.5537340608844751,0.4731675829588333,0.4480105089515299,0.5264382979028934,0.3928519336483435,,17.27180581488397,41.77449947312961,37.95621421353991,29.76564616635058,38.76766595289079,49.61535269709543,Puerto Rico,,,
119,PRK,0.2316039255386399,0.4021144752506009,0.4011264861037906,0.41404669188678456,0.4008779569960198,0.3983836718311846,0.4213513716970253,,,,,,,North Korea,0.35926281040679153,0.315877647683646,0.4213513716970253
120,PRT,1.6126677618283616,2.4013793680914666,2.4933131767964483,1.7661179325178409,2.4523369705191813,2.411596417694092,0.0,21.600412139378044,39.651496902959394,36.95287356321839,32.18830963665087,39.400947779223195,45.640838650866,Portugal,0.0,0.0,0.0
121,PRY,4.3009521763533165,2.5246108167503234,3.2895630621082432,1.9595808680610327,1.913253379019216,3.869679809793973,1.0,4.647714949651433,26.46543352601156,18.76058214615148,12.566539923954375,16.352744371100464,33.71406528189911,Paraguay,1.0,1.0,1.0
122,ROU,3.228514704639933,2.8910235856813795,3.2176377129404896,2.8739397403945155,3.3593307744444028,2.918043003566449,0.7490045059157638,10.896583822023644,40.02240572847491,30.17953483133412,22.47380132450331,31.191284730467817,49.30299667036626,Romania,0.5363656162472398,0.47340604956302645,0.7490045059157638
123,RUS,4.037809411715911,5.0369922680844965,5.142856987116406,5.040394041712061,5.060316413800993,5.075890168857546,0.6041452051997753,14.095874312735209,50.51740220815365,41.36794060637092,35.143103897554255,46.095793068714784,63.79458790134542,Russia,0.39620183982883495,0.36420685533414787,0.6041452051997753
124,RWA,0.2570275444595561,0.17899797436119375,0.13370786380659047,0.1048306444182705,0.10277423700699873,0.19861439249577886,0.4260220510498332,1.0407567771084336,9.683615253728355,5.797324968413715,3.233372808190396,2.7569239042753426,12.765249444556655,Rwanda,0.4652694562358177,0.4634154857714202,0.42602205104983315
125,SAU,0.7853740522759494,0.40483820691668,0.4532795165534296,0.5811810710592352,0.4184682446863298,0.3973449496049004,0.0,20.534538035558143,44.82771009373181,39.64222442753703,38.91010677041695,45.503796852182376,58.96996339691357,Saudi Arabia,0.0,0.0,0.0
126,SDN,1.6709390154167207,0.7518827937749611,0.8261805167429747,0.7018198752460849,0.7127839420567423,0.7458507432171184,0.4046086481431345,2.0234432402645113,13.196349521621165,7.936296864722648,4.770362537488947,3.694114920810346,17.264479393331335,Sudan,0.49257531582071246,0.447550412199741,0.40460864814313446
127,SEN,1.4939753152380986,0.5498922912362941,0.6702002796868674,0.3710801335503866,0.460041069765786,0.9032812642854936,0.2245546431764518,1.7379765160045038,12.404234594483748,7.266163615371928,3.86135498285031,3.4318308474020656,16.224231858792763,Senegal,0.2719151014651153,0.27683155793372627,0.2245546431764518
128,SGP,0.2744629523264042,0.35719057094633205,0.35651989263478234,0.3428451927348499,0.3552787837893287,0.338940127945187,,52.074518285489575,90.48557541549074,90.83353751914242,80.26923076923076,87.5569885539255,101.56804818585975,Singapore,,,
129,SLE,1.4548482390354889,0.958314896596034,0.8604578727183096,0.7496369105861929,0.9149120575351032,1.2200893192072395,0.3784239098463216,0.7416496250852079,8.386374791400806,4.900700416703608,2.7423734495474354,2.3293511169298746,11.20307868821111,Sierra Leone,0.3353389268527114,0.36729356237719035,0.37842390984632157
130,SLV,0.4823427299490421,0.29567317863936105,0.4935799042095958,0.4500156888307989,0.4811402301729325,0.5742228473680311,0.2864883077133333,5.977555304375908,21.68073732718894,15.700049333991117,10.779561519108663,11.14439848948031,26.726043643263758,El Salvador,0.3145328711007781,0.27940257351750786,0.28648830771333333
131,SOM,2.5732764223235183,1.711493935628621,1.1197259492315288,1.2060957393767493,1.0939714041023882,1.7341262325137858,,0.03375843960990248,0.8717674879853536,0.26580868704368277,0.09211742440913692,0.0624662112350715,1.424846070264397,Somalia,,,
132,SRB,4.105471391635542,2.9298314549390456,2.8507591774055667,2.575358778506033,2.7296490781157146,2.842051656750596,,7.099939123376624,19.973186625360537,16.34336539455993,12.73556105610561,16.243341006247945,24.19658905228758,Serbia,,,
133,SUR,0.8191060315632248,0.7989376058698286,0.8597326798520512,0.5318111173119014,1.3131583296158615,0.7323251111328225,0.3308248206090253,7.104761904761904,34.09090909090909,26.268588770864945,19.74167776298269,26.42763157894737,41.80521739130435,Suriname,0.49889330541142207,0.3096483706125339,0.3308248206090253
134,SVK,2.7706972021115286,2.5355352681380867,2.5181414544777843,2.463517178558316,2.702264604490113,2.477054097513953,0.6921605592626665,20.043390699377518,50.89491169784927,50.53887884267631,45.24393843558929,52.81994670727066,57.58321456848772,Slovakia,0.5318508088135656,0.5121721364206048,0.6921605592626665
135,SVN,2.6471528847317605,2.037851116764524,2.0740865694422324,2.06496940834298,2.0452013854361617,1.5688979558072662,0.117353721986162,25.28128078817734,48.51651254953765,48.10959527057754,43.8429203539823,50.51493256262042,55.288181120491174,Slovenia,0.0290590100982846,0.047021524612046894,0.11735372198616201
136,SWE,3.033126904291333,3.5047381168972684,3.899420968646477,3.3554651938945184,3.668853916954814,1.679654021417228,0.2703190872690727,33.76236673773987,61.016,58.99464514066496,55.2530753968254,64.76830753174465,68.282096933729,Sweden,0.5809126867074756,0.6208865472819001,0.2703190872690727
137,SWZ,1.6170896244434736,1.8212007304680773,1.8890931994493407,3.407991895612493,1.6219843656974664,1.9969409010790693,0.7963262000215405,4.753794266441822,16.47662936142199,11.456015523932729,7.021604938271604,6.335431088735054,21.12449799196787,Swaziland,1.0,1.0,0.7963262000215405
138,SYR,0.9761826121376368,0.7792535640892467,0.5975820491241637,0.6469370650754017,0.5430815415149309,0.8685691592503757,,4.749105874283474,27.961133003266983,20.580548108430147,14.11880031490464,12.752647172484865,35.29842500772055,Syria,,,
139,TCD,3.546304623652099,1.7528078799133306,1.7557773314478022,1.0040244562492318,1.2558596918834244,1.8615120697338687,0.4538443346421802,1.3370446245657788,9.317524079061487,5.24443299786037,3.1379151780976975,2.9100366087933596,12.030038076434918,Chad,0.4764861768045048,0.48007363179273144,0.4538443346421802
140,TGO,1.1172161721436342,0.4957140064873732,0.4619109132378938,0.4050431272150491,0.4468110167540013,0.6304133292812781,0.4203615665997884,0.8981420039814201,8.342504446071764,4.28601797275099,2.5600288210393587,2.194230943123248,11.331300599306068,Togo,0.42860753724318423,0.4342078461589529,0.4203615665997884
141,THA,2.4365167810844706,2.149401989372928,2.138159251214546,2.196755540559589,2.039529987535188,2.3274070039527754,1.0,7.672911663435664,41.29396684327465,32.48749184250598,22.105818224908166,30.676761046197832,50.482779547868304,Thailand,0.8898701416358854,0.9188678191387538,1.0
142,TJK,1.3390171718597448,1.0041110366584671,1.2339646689141532,0.7505401456274396,1.0876223533208114,1.4698972379612822,0.11639092113868088,1.9382177642099143,19.000562904587674,11.694841516469856,7.684302539565698,6.217699900188533,24.622013965453874,Tajikistan,0.3029096005090385,0.331195807856525,0.11639092113868088
143,TKM,3.9162299689919102,2.9532334765214125,2.6724890995917816,3.4791098658852904,3.0546784495435064,3.1466171471385866,0.2521442168637316,7.4216580721935745,45.65559380378658,45.43598995920929,39.298542678695355,47.00366556117996,56.539499730070176,Turkmenistan,0.34299581801833323,0.42710351540506086,0.25214421686373156
144,TLS,4.575505641548374,1.7754959535553414,1.6378110629993157,1.4116910739142945,1.7152267501256664,3.2925193368105496,0.3649153800015525,1.3176156583629892,19.01775147928994,9.921321029626032,5.429682436811406,4.077350257834193,25.78909952606635,East Timor,0.368968164764231,0.3520184975245193,0.36491538000155244
145,TTO,0.3469024423258252,0.5110480834967589,0.5279542996674884,0.5331161527065907,0.5925652419218839,0.4761356038682491,0.0,23.17598806860552,54.06011854360711,46.95749799518845,38.04486251808973,50.364574376612204,63.7664298401421,Trinidad and Tobago,0.030614490388040316,0.08963151693681737,0.0
146,TUN,0.659202874209702,1.6811453700957504,1.536598517440518,1.2301056284209326,1.5599635407072667,1.3831773539376246,0.07594527452048028,8.563782081862419,39.31572379367721,33.629208192733266,26.607207995914493,34.247609376322245,47.15230846436936,Tunisia,0.1929461339400076,0.14624055863875518,0.07594527452048028
147,TUR,2.8192239971028528,2.5989010011454665,3.0826851963316777,2.043406660227125,2.682756073383634,2.7573666585653527,0.4441182174937581,12.541675830217727,40.73489410417859,33.83289528577389,24.391917749274445,31.311971163793576,48.34791131694791,Turkey,0.4519410349992773,0.4868988639015812,0.4441182174937581
148,TZA,1.5643599637431604,0.679192517808876,0.7232443668687435,0.4833368373457701,0.5265890682294863,1.5911632751843212,,1.2549452509979706,11.475023230101506,6.866362196099908,4.098465081218989,3.5141203548148643,15.272771353068102,Tanzania,,,
149,UGA,0.7569033112044399,0.35573994713528106,0.22150490269875764,0.15405161626196567,0.17984439558455628,0.3784502003796418,0.4631991461545695,1.1491697830964849,10.161867724659885,5.953910329962575,3.3520767506310567,2.8565833162715752,13.484571321752366,Uganda,0.4652442553027236,0.4770805962630399,0.4631991461545695
150,UKR,3.877899712484152,3.867104914180696,3.8577043473426653,3.7862490263930177,3.699393150010717,3.9987040462576715,1.0,6.079101390600247,33.074969318606264,24.54230749447045,17.88182125139607,25.863458140048596,41.520309872075835,Ukraine,0.660546843846044,0.6624317242831039,1.0
151,URY,7.508816447586849,4.368510907693478,5.431496374033807,5.707386164077407,5.7786216378432735,5.215182540203147,1.0,12.59542891065598,47.28724093264248,36.862545018007204,27.169375983219716,36.26636422553467,56.69620689655173,Uruguay,1.0,1.0,1.0
152,USA,5.963544420646449,3.9288149634216114,3.9722900135598813,4.226413341770023,4.752488705730412,2.060169451227114,0.8688839254121195,42.164286818908195,75.43360547659941,67.8138974161395,67.23646748366404,77.6641496595051,84.74146074855744,United States of America,0.9251322000967599,0.9255273962577315,0.8688839254121195
153,UZB,2.006711447057516,1.1063136621024752,1.210604008255887,0.804511918555623,1.2296466526963334,1.3041860878255775,0.3370407962674118,2.8656585899070866,20.838849345622723,15.71680358476475,10.764256813497214,17.909509761675892,24.782532719945795,Uzbekistan,0.38275325250859016,0.4096700145522557,0.3370407962674118
154,VEN,2.4666379592776817,1.517716829668502,1.3804885000604978,1.0158419352449046,1.880213617397916,2.0517844328502823,0.1181012208357184,10.917770876466529,28.136879113907323,24.96272234741334,25.632269571310275,24.19878186677632,39.86209711396672,Venezuela,0.24701673434632443,0.21574861954149638,0.11810122083571839
155,VNM,1.3064119656076445,0.8878768824071966,1.0352776177217091,1.0414307039580804,0.9209841558529456,0.9903503104983512,0.5906170292881445,2.8449480921591843,21.293227724385076,15.352533149382998,11.153305091519464,15.721374045801527,26.96930559867536,Vietnam,0.5963645329907725,0.5881910969192907,0.5906170292881445
156,YEM,0.27357029523747445,0.14804053666835415,0.11982563840168592,0.15887922457689205,0.10957197544477804,0.14725923115472714,0.04185221797448424,2.372926454080572,8.584980572835942,6.566320401385061,4.280248726142154,3.977798778714743,10.390752076956712,Yemen,0.10422977113839327,0.08469052800566201,0.04185221797448424
157,ZAF,1.6816347671068823,1.4503468238451602,1.5360919351993083,4.146096917735082,1.4235583783779324,1.3051914361501813,0.433190945802538,9.470029720942293,33.27736430129603,27.540867634229517,20.898774847870182,27.53897027449865,39.48536193029491,South Africa,0.5006489404808246,0.4993288681515111,0.43319094580253803
158,ZMB,2.483865854757838,0.9352400772612768,1.0227534400671432,1.5507911185455938,0.9220210164197612,1.1665495462196456,0.5779644486059339,1.3837573535029413,13.153120949051342,7.848491894764815,4.5928571428571425,3.9381404581790873,17.327970897332257,Zambia,0.4447342015558058,0.47847303378680395,0.5779644486059339
159,ZWE,2.2626180579483366,1.7675769779245605,2.207246442630938,3.0294089596848623,2.247297318345648,2.6988694932335777,0.3044655272937565,0.4153209768514836,5.070903447149158,3.154907040536422,1.7909516380655226,1.5869008675864031,6.832916926920674,Zimbabwe,0.5285651117705554,0.5117514919351077,0.30446552729375653
